id,first_name,last_name,email,gender,birthdate
1,Tana,Meyer,tmeyer0@people.com.cn,Female,1988-04-23
2,Benetta,Gorring,bgorring1@ask.com,Female,1996-10-04
3,Jacquelyn,Orring,jorring2@samsung.com,Female,1980-12-08
4,Goldy,Johananov,gjohananov3@gnu.org,Female,1999-06-17
5,Flemming,Penson,fpenson4@sourceforge.net,Male,1995-03-27
6,Alva,Brunskill,abrunskill5@ibm.com,Male,1996-02-12
7,Moss,Fortnon,mfortnon6@nymag.com,Male,1980-01-04
8,Pace,Brown,pbrown7@eepurl.com,Male,1999-05-15
9,Jimmie,Fri,jfri8@netscape.com,Male,1992-12-25
10,Niel,Tomkins,ntomkins9@icio.us,Male,1994-02-02
11,Persis,Charnick,pcharnicka@businesswire.com,Female,1993-11-12
12,Samson,Milmo,smilmob@simplemachines.org,Male,1987-04-13
13,Edmon,Comport,ecomportc@vkontakte.ru,Male,1992-09-06
14,Pincas,Gurling,pgurlingd@macromedia.com,Male,1983-04-25
15,Dani,Defew,ddefewe@ucoz.ru,Male,1981-06-25
16,Grady,Brew,gbrewf@seesaa.net,Male,1997-02-04
17,Sofie,Wightman,swightmang@umich.edu,Female,1994-11-12
18,Dacie,Hamsher,dhamsherh@hibu.com,Genderqueer,1999-11-05
19,Rosemaria,Kynder,rkynderi@cam.ac.uk,Female,1982-04-06
20,Jazmin,Brownjohn,jbrownjohnj@shutterfly.com,Female,1988-02-21
21,Vera,Dudliston,vdudlistonk@usa.gov,Female,1987-05-19
22,Elfie,Dearnaley,edearnaleyl@apple.com,Female,1987-06-25
23,Mohandas,Cowburn,mcowburnm@instagram.com,Male,1993-03-30
24,Ellyn,Arnoll,earnolln@github.com,Polygender,1984-07-08
25,Gunner,Postance,gpostanceo@youku.com,Male,1989-09-30
26,Kendricks,Aitchinson,kaitchinsonp@desdev.cn,Male,1989-10-28
27,Gene,O'Day,godayq@xing.com,Female,1990-09-17
28,Matelda,Bosse,mbosser@wikia.com,Female,1983-02-11
29,Loella,Bediss,lbedisss@printfriendly.com,Female,1995-06-20
30,Walton,Krugmann,wkrugmannt@si.edu,Non-binary,1996-05-07
31,Maryann,Korous,mkorousu@sphinn.com,Female,1980-03-15
32,Maisey,Kesterton,mkestertonv@java.com,Female,1986-09-06
33,Keen,Besantie,kbesantiew@blogtalkradio.com,Male,1981-01-03
34,Liz,Bizzey,lbizzeyx@pbs.org,Polygender,1985-07-28
35,Koren,Denizet,kdenizety@merriam-webster.com,Female,1989-06-04
36,Artus,Anstiss,aanstissz@va.gov,Male,1986-01-28
37,Greta,Tuxill,gtuxill10@com.com,Female,1988-11-09
38,Bobbie,Trench,btrench11@gmpg.org,Male,1988-06-16
39,Rolf,Lilburne,rlilburne12@nasa.gov,Male,1990-11-16
40,Ham,Jex,hjex13@netlog.com,Male,1987-05-01
41,Cart,Rendle,crendle14@netvibes.com,Male,1988-03-11
42,Norry,Blackborough,nblackborough15@youtube.com,Male,1991-05-06
43,Llywellyn,Ketch,lketch16@angelfire.com,Male,1981-02-27
44,Catlaina,Corselles,ccorselles17@networksolutions.com,Female,1985-11-26
45,Minta,Ruben,mruben18@t.co,Female,1984-02-14
46,Carlyle,Roloff,croloff19@irs.gov,Male,1988-02-09
47,Joellen,Harragin,jharragin1a@washington.edu,Female,1997-11-24
48,Dud,Orry,dorry1b@umn.edu,Male,1999-02-02
49,Tomkin,Leadbitter,tleadbitter1c@uol.com.br,Male,1987-02-09
50,Joycelin,Neal,jneal1d@mediafire.com,Female,1989-10-22
51,Emelen,Alvarado,ealvarado1e@parallels.com,Male,1981-01-16
52,Linnell,Rhead,lrhead1f@sitemeter.com,Female,1986-03-22
53,Basilius,Dikle,bdikle1g@earthlink.net,Male,1994-02-28
54,Alistair,Hylden,ahylden1h@vimeo.com,Male,1982-04-01
55,Donalt,Skillicorn,dskillicorn1i@icio.us,Male,1988-01-06
56,Marcille,Gyorgy,mgyorgy1j@cnbc.com,Female,1990-12-09
57,Eunice,Billett,ebillett1k@apache.org,Female,1989-01-16
58,Agna,Maestro,amaestro1l@apple.com,Female,1984-05-06
59,Tyrone,Charopen,tcharopen1m@bloomberg.com,Male,1998-04-22
60,Arthur,Ulyet,aulyet1n@eepurl.com,Male,1986-07-29
61,Sayres,Mapp,smapp1o@lycos.com,Polygender,1994-11-12
62,Devonna,Tremble,dtremble1p@discuz.net,Female,1992-08-11
63,Hirsch,Dodell,hdodell1q@e-recht24.de,Male,1991-07-22
64,Kevan,Milesap,kmilesap1r@shop-pro.jp,Male,1991-10-16
65,Candy,Nuscha,cnuscha1s@telegraph.co.uk,Female,1992-03-11
66,Leonid,Balharrie,lbalharrie1t@google.co.uk,Male,1999-10-04
67,Merrielle,Emett,memett1u@last.fm,Female,1982-05-22
68,Antonius,Pickwell,apickwell1v@sourceforge.net,Genderqueer,1995-07-21
69,Dulcy,Prys,dprys1w@wiley.com,Female,1996-02-13
70,Normy,Scranny,nscranny1x@harvard.edu,Male,1989-12-30
71,Nathanil,Eldrett,neldrett1y@joomla.org,Male,1983-11-07
72,Coralie,Chaudrelle,cchaudrelle1z@nyu.edu,Female,1983-10-13
73,Lainey,Sharkey,lsharkey20@newsvine.com,Female,1985-02-23
74,Andrea,Di Ruggero,adiruggero21@com.com,Male,1981-03-21
75,Brittaney,Sambath,bsambath22@netscape.com,Female,1999-11-11
76,Tanhya,Abramow,tabramow23@google.pl,Female,1992-02-25
77,Katee,Dosedale,kdosedale24@is.gd,Female,1987-12-05
78,Arabele,Pick,apick25@thetimes.co.uk,Female,1998-08-26
79,Brandais,Gossart,bgossart26@phpbb.com,Non-binary,1988-03-25
80,Gerik,Howel,ghowel27@globo.com,Male,1996-01-14
81,Evelin,Dennes,edennes28@paypal.com,Male,1992-05-16
82,Celinda,Wetton,cwetton29@bluehost.com,Female,1983-01-28
83,Lazaro,Ridehalgh,lridehalgh2a@lycos.com,Male,1990-08-14
84,Edlin,Cattrall,ecattrall2b@amazon.com,Male,1990-09-20
85,Amelina,Hoofe,ahoofe2c@123-reg.co.uk,Female,1994-09-23
86,Johnathon,Trunby,jtrunby2d@yandex.ru,Male,1991-05-03
87,Ellerey,Rubica,erubica2e@yelp.com,Male,1985-09-02
88,Erhart,Ashment,eashment2f@ftc.gov,Male,1984-10-12
89,Phineas,Bowdon,pbowdon2g@rakuten.co.jp,Male,1980-04-23
90,Troy,Rickerby,trickerby2h@geocities.com,Genderfluid,1986-03-20
91,Dulcie,Badman,dbadman2i@forbes.com,Bigender,1980-01-16
92,Kean,Salsbury,ksalsbury2j@imdb.com,Male,1991-08-04
93,Mariana,Driutti,mdriutti2k@shareasale.com,Female,1980-11-13
94,Zane,Okie,zokie2l@unesco.org,Male,1995-02-10
95,Truda,Meere,tmeere2m@google.co.uk,Female,1981-07-03
96,Kale,Eschalotte,keschalotte2n@sohu.com,Male,1999-08-26
97,Joby,Jephcote,jjephcote2o@ftc.gov,Female,1982-07-14
98,Evanne,Dupoy,edupoy2p@dmoz.org,Female,1984-09-07
99,Dave,Mellonby,dmellonby2q@unesco.org,Male,1987-04-30
100,Ardis,Shalders,ashalders2r@godaddy.com,Female,1992-11-16
101,Godart,Mullett,gmullett2s@europa.eu,Male,1986-03-12
102,Dorette,Lintill,dlintill2t@archive.org,Female,1985-07-08
103,Drucill,Lightowler,dlightowler2u@tinypic.com,Agender,1998-12-13
104,Marion,Thake,mthake2v@seesaa.net,Female,1990-11-30
105,Nedda,Clethro,nclethro2w@discuz.net,Bigender,1987-12-26
106,Rickard,Gandley,rgandley2x@quantcast.com,Male,1987-08-26
107,Lukas,Seaman,lseaman2y@earthlink.net,Male,1983-04-19
108,Elizabet,Primarolo,eprimarolo2z@nytimes.com,Female,1988-12-01
109,Susanetta,Mation,smation30@ovh.net,Female,1990-09-22
110,Starlene,Rought,srought31@deliciousdays.com,Female,1993-02-27
111,Petronella,Brigge,pbrigge32@de.vu,Female,1996-01-16
112,Pebrook,Newing,pnewing33@washingtonpost.com,Male,1993-11-24
113,Gilda,Mawhinney,gmawhinney34@example.com,Female,1983-12-25
114,Barbie,Hedling,bhedling35@yellowpages.com,Female,1990-03-04
115,Julianna,Scarse,jscarse36@bloomberg.com,Female,1986-10-09
116,Buck,Kalaher,bkalaher37@theguardian.com,Polygender,1993-05-07
117,Barrie,Piercy,bpiercy38@stumbleupon.com,Male,1999-04-04
118,Wilmer,Bendon,wbendon39@jugem.jp,Male,1999-12-16
119,Nickolai,Cuss,ncuss3a@ca.gov,Male,1986-08-04
120,Evania,Wilkennson,ewilkennson3b@bing.com,Female,1984-03-03
121,Wendy,Faherty,wfaherty3c@nymag.com,Female,1980-09-29
122,Janis,Mathe,jmathe3d@yellowbook.com,Female,1991-08-19
123,Torr,Prew,tprew3e@myspace.com,Male,1991-02-04
124,Burnard,Huggin,bhuggin3f@archive.org,Male,1990-07-01
125,Ronni,Brandi,rbrandi3g@cam.ac.uk,Female,1982-03-16
126,Ninon,Baulcombe,nbaulcombe3h@istockphoto.com,Female,1981-06-30
127,Engracia,Trustram,etrustram3i@t-online.de,Female,1997-09-25
128,Sadye,Baillie,sbaillie3j@sciencedaily.com,Female,1993-10-28
129,Collin,Osbiston,cosbiston3k@yahoo.co.jp,Male,1992-09-11
130,Kearney,Lumsdale,klumsdale3l@ebay.co.uk,Male,1980-09-08
131,Walt,Byrde,wbyrde3m@booking.com,Male,1987-07-25
132,Danielle,Loukes,dloukes3n@blogtalkradio.com,Female,1990-07-29
133,Cissy,Kibard,ckibard3o@google.pl,Female,1998-07-11
134,Paige,Benns,pbenns3p@flavors.me,Male,1981-08-27
135,Ermanno,Kelmere,ekelmere3q@imgur.com,Male,1982-06-29
136,Isobel,Cotty,icotty3r@hp.com,Female,1992-11-27
137,Benedicta,Melendez,bmelendez3s@ovh.net,Female,1980-08-02
138,Shell,Napton,snapton3t@wikipedia.org,Female,1996-12-13
139,Vivianna,Lockart,vlockart3u@unicef.org,Female,1988-05-14
140,Tuckie,Scain,tscain3v@nih.gov,Genderfluid,1996-11-21
141,Edward,Griswood,egriswood3w@stumbleupon.com,Male,1981-11-03
142,Chrotoem,Vallens,cvallens3x@google.nl,Male,1982-12-30
143,Georgeta,Pitkin,gpitkin3y@baidu.com,Female,1997-11-07
144,Spencer,Cowill,scowill3z@sogou.com,Male,1986-01-06
145,Javier,McDuall,jmcduall40@marketwatch.com,Male,1993-01-03
146,Sacha,Hadingham,shadingham41@google.ru,Female,1997-05-31
147,Towny,Slader,tslader42@freewebs.com,Male,1998-06-11
148,Daisey,Hingeley,dhingeley43@bloomberg.com,Female,1986-02-22
149,Obie,Revett,orevett44@epa.gov,Male,1990-06-15
150,Vernor,Smorthit,vsmorthit45@nba.com,Male,1981-01-17
151,Gale,Hurley,ghurley46@reddit.com,Female,1996-09-04
152,Cornell,Erratt,cerratt47@senate.gov,Male,1989-12-25
153,Trish,Clousley,tclousley48@cocolog-nifty.com,Female,1985-09-28
154,Kass,Hoyland,khoyland49@toplist.cz,Female,1991-03-30
155,Lira,Rolph,lrolph4a@biblegateway.com,Female,1996-08-16
156,Teodorico,Lefort,tlefort4b@baidu.com,Male,1993-09-17
157,Antone,Cagan,acagan4c@printfriendly.com,Male,1997-08-09
158,De,Tewelson,dtewelson4d@spotify.com,Female,1992-01-29
159,Alina,Breadon,abreadon4e@newsvine.com,Female,1989-02-11
160,Sherman,Connichie,sconnichie4f@yandex.ru,Male,1998-07-17
161,Julietta,Espin,jespin4g@time.com,Female,1989-08-29
162,Farlee,Isselee,fisselee4h@163.com,Male,1993-06-06
163,Blancha,Kilbride,bkilbride4i@hao123.com,Female,1991-08-17
164,Bax,Hillen,bhillen4j@msu.edu,Male,1986-02-01
165,Asa,Garwill,agarwill4k@last.fm,Male,1980-10-27
166,Ralina,Lagne,rlagne4l@redcross.org,Genderqueer,1995-12-03
167,Darcy,Dighton,ddighton4m@wikispaces.com,Male,1987-11-27
168,Ramsay,Christoforou,rchristoforou4n@opensource.org,Male,1990-06-01
169,Kenneth,Locard,klocard4o@cargocollective.com,Male,1983-12-18
170,Thoma,Shreeves,tshreeves4p@devhub.com,Male,1981-10-16
171,Walliw,Liger,wliger4q@intel.com,Female,1997-02-17
172,Nathaniel,Sanpher,nsanpher4r@bloglines.com,Male,1987-11-29
173,Karolina,Hedges,khedges4s@google.pl,Female,1983-11-07
174,Errick,Eck,eeck4t@surveymonkey.com,Male,1989-04-19
175,Caria,Burnitt,cburnitt4u@cbslocal.com,Female,1984-05-13
176,Dwayne,Hubbard,dhubbard4v@nytimes.com,Male,1986-07-15
177,Ebony,Acheson,eacheson4w@about.com,Female,1994-11-10
178,Vale,Pirie,vpirie4x@geocities.jp,Male,1983-11-01
179,Dell,Guise,dguise4y@nationalgeographic.com,Male,1995-08-29
180,Rik,Seville,rseville4z@woothemes.com,Male,1983-09-07
181,Randal,Widdowson,rwiddowson50@yahoo.com,Male,1984-12-09
182,Robbi,Denerley,rdenerley51@baidu.com,Female,1983-09-30
183,Maxim,Dreini,mdreini52@marketwatch.com,Male,1987-05-02
184,Barbra,Stebbins,bstebbins53@free.fr,Female,1992-08-30
185,Fields,Phillis,fphillis54@tinyurl.com,Male,1984-12-20
186,Celeste,Segeswoeth,csegeswoeth55@digg.com,Female,1999-07-28
187,Kaia,Fontanet,kfontanet56@google.com.hk,Female,1987-04-16
188,Lou,Manifould,lmanifould57@webmd.com,Male,1991-06-05
189,Hugues,Callacher,hcallacher58@indiegogo.com,Male,1981-02-07
190,Hadlee,Winsper,hwinsper59@earthlink.net,Male,1991-06-22
191,Padraig,Bramah,pbramah5a@furl.net,Male,1983-12-22
192,Chloette,Sherrott,csherrott5b@buzzfeed.com,Non-binary,1982-04-27
193,Hamnet,Garton,hgarton5c@va.gov,Male,1980-10-30
194,Darnall,Dagg,ddagg5d@google.com.hk,Male,1982-09-28
195,Elbertina,Joney,ejoney5e@howstuffworks.com,Female,1991-12-28
196,Odilia,Pighills,opighills5f@cpanel.net,Female,1995-04-30
197,Beverlie,Kield,bkield5g@springer.com,Female,1981-12-30
198,Lindsay,Falcus,lfalcus5h@desdev.cn,Male,1999-10-08
199,Adele,Hargroves,ahargroves5i@spiegel.de,Female,1992-08-28
200,Buddie,Banke,bbanke5j@fda.gov,Male,1984-06-17
201,Lilith,Mound,lmound5k@bbb.org,Female,1980-11-24
202,Kyrstin,Ridhole,kridhole5l@vistaprint.com,Female,1991-11-01
203,Wileen,Hamner,whamner5m@google.pl,Female,1985-05-21
204,Chilton,Breazeall,cbreazeall5n@indiatimes.com,Genderqueer,1999-01-17
205,Jeremy,D'orsay,jdorsay5o@army.mil,Male,1997-01-18
206,Gordie,Carlucci,gcarlucci5p@studiopress.com,Male,1993-07-14
207,Kacie,Liffey,kliffey5q@usda.gov,Female,1995-04-19
208,Dayna,Peaker,dpeaker5r@slashdot.org,Female,1991-05-01
209,Farlee,Bondesen,fbondesen5s@hao123.com,Male,1984-12-12
210,Nathalie,Balsellie,nbalsellie5t@php.net,Bigender,1984-03-12
211,Nataniel,Murrey,nmurrey5u@cdc.gov,Male,1990-08-06
212,Curry,Halgarth,chalgarth5v@irs.gov,Male,1994-07-10
213,Cristen,Epilet,cepilet5w@utexas.edu,Female,1988-08-18
214,Carce,Bicker,cbicker5x@weather.com,Male,1997-05-21
215,Dalston,Minett,dminett5y@about.me,Male,1990-12-27
216,Claudianus,Christensen,cchristensen5z@bluehost.com,Male,1990-07-03
217,Kevon,Lakes,klakes60@adobe.com,Male,1995-12-24
218,Kathie,Chellam,kchellam61@house.gov,Female,1985-03-17
219,Reagen,Stilgo,rstilgo62@feedburner.com,Male,1991-03-22
220,Yorgos,Proger,yproger63@t.co,Male,1983-10-13
221,Dale,McQuorkel,dmcquorkel64@usa.gov,Male,1981-04-25
222,Kelsy,Kynett,kkynett65@ustream.tv,Female,1984-03-26
223,Sully,Skews,sskews66@newsvine.com,Male,1993-03-11
224,Fonsie,Keeves,fkeeves67@youtu.be,Male,1998-11-29
225,Sherline,McIllrick,smcillrick68@unicef.org,Female,1998-08-23
226,Maryrose,Martinetto,mmartinetto69@mashable.com,Polygender,1986-01-28
227,Hermon,Sanpere,hsanpere6a@sciencedirect.com,Male,1995-04-13
228,Alyda,Palfreyman,apalfreyman6b@salon.com,Female,1990-10-14
229,Venus,Dyott,vdyott6c@weibo.com,Female,1992-06-22
230,Sutherland,MacAne,smacane6d@livejournal.com,Male,1992-01-07
231,Shell,Kmiec,skmiec6e@storify.com,Male,1996-10-15
232,Urbain,Tatters,utatters6f@ehow.com,Male,1997-05-06
233,Carl,Berthe,cberthe6g@wunderground.com,Male,1999-11-23
234,Sampson,Ledeker,sledeker6h@domainmarket.com,Male,1981-07-05
235,Ty,Shekle,tshekle6i@google.com.br,Male,1984-05-17
236,Jess,Kliemchen,jkliemchen6j@harvard.edu,Female,1984-04-05
237,Decca,Jelf,djelf6k@who.int,Male,1991-04-16
238,Nehemiah,Ummfrey,nummfrey6l@microsoft.com,Male,1992-10-03
239,Dorian,Mathou,dmathou6m@apple.com,Male,1994-10-19
240,Hubert,Krysztowczyk,hkrysztowczyk6n@thetimes.co.uk,Male,1985-03-01
241,Olva,Best,obest6o@de.vu,Female,1991-10-15
242,Johnathon,Whitnell,jwhitnell6p@house.gov,Male,1981-05-15
243,Morlee,Ault,mault6q@answers.com,Male,1998-06-03
244,Edyth,Merrywether,emerrywether6r@cargocollective.com,Female,1986-03-26
245,Rosabel,Bastie,rbastie6s@booking.com,Female,1984-05-11
246,Warden,Garfitt,wgarfitt6t@nba.com,Genderqueer,1999-06-16
247,Minette,Prisley,mprisley6u@diigo.com,Female,1996-07-28
248,Ailbert,Beggan,abeggan6v@1688.com,Male,1996-08-11
249,Consuela,Bottrell,cbottrell6w@xing.com,Female,1990-12-12
250,Javier,Pavolini,jpavolini6x@yolasite.com,Male,1989-09-05
251,Fredrika,Besson,fbesson6y@google.com.au,Female,1994-01-10
252,Sayre,Pawlick,spawlick6z@who.int,Female,1997-08-18
253,Tobit,Siege,tsiege70@yelp.com,Agender,1994-07-31
254,Christabel,Geerdts,cgeerdts71@pcworld.com,Female,1998-07-19
255,Elisa,Impey,eimpey72@myspace.com,Female,1988-11-20
256,Waldo,Lanney,wlanney73@narod.ru,Male,1993-02-14
257,Seth,Dutchburn,sdutchburn74@dyndns.org,Male,1999-02-22
258,Dedra,Dany,ddany75@nhs.uk,Bigender,1999-05-08
259,Vicki,Ballister,vballister76@berkeley.edu,Female,1984-05-22
260,Seward,Munn,smunn77@sun.com,Male,1988-08-25
261,Kara,Peplow,kpeplow78@businessinsider.com,Female,1987-03-12
262,Kellen,Greenley,kgreenley79@ft.com,Male,1992-03-19
263,Sara,Rheubottom,srheubottom7a@netlog.com,Female,1985-09-09
264,Myrlene,Dunsmuir,mdunsmuir7b@squidoo.com,Female,1988-04-10
265,Elvyn,Tettersell,etettersell7c@wiley.com,Male,1996-05-06
266,Dehlia,Sandhill,dsandhill7d@weather.com,Female,1988-08-27
267,Barr,Whiley,bwhiley7e@cbsnews.com,Agender,1984-03-30
268,Abigail,Guilloneau,aguilloneau7f@domainmarket.com,Female,1997-11-08
269,Marsha,Doberer,mdoberer7g@skyrock.com,Non-binary,1991-05-11
270,Kessiah,Varian,kvarian7h@intel.com,Female,1990-08-17
271,Christen,Golston,cgolston7i@canalblog.com,Female,1994-04-29
272,Ginni,Sheer,gsheer7j@vkontakte.ru,Female,1987-03-15
273,Seth,Van T'Hoog,svanthoog7k@tuttocitta.it,Male,1982-02-13
274,Gwenora,Gorioli,ggorioli7l@istockphoto.com,Female,1987-03-06
275,Craig,Yokley,cyokley7m@360.cn,Male,1989-07-20
276,Michaelina,Astlett,mastlett7n@cnet.com,Female,1988-01-23
277,Egor,Metzel,emetzel7o@domainmarket.com,Male,1989-02-02
278,Vaughn,Ryce,vryce7p@utexas.edu,Male,1990-05-20
279,Caleb,Roja,croja7q@irs.gov,Male,1986-02-13
280,Nappy,Petch,npetch7r@economist.com,Male,1998-09-06
281,Garreth,Linnane,glinnane7s@theatlantic.com,Male,1982-12-15
282,Grata,Richardes,grichardes7t@virginia.edu,Female,1989-12-12
283,Zaccaria,McClaughlin,zmcclaughlin7u@tumblr.com,Male,1988-12-23
284,Vikky,Hattam,vhattam7v@hud.gov,Female,1998-06-13
285,Gray,Huc,ghuc7w@uiuc.edu,Male,1985-04-13
286,Meredithe,MacKay,mmackay7x@i2i.jp,Female,1993-04-19
287,Marita,Saggs,msaggs7y@elpais.com,Female,1995-04-13
288,Codie,Smitham,csmitham7z@google.co.uk,Male,1992-06-27
289,Orelee,Myall,omyall80@microsoft.com,Female,1987-04-20
290,Tye,Stanett,tstanett81@163.com,Male,1995-10-14
291,Saxon,Geraud,sgeraud82@dailymotion.com,Male,1994-10-28
292,Rina,Tutsell,rtutsell83@freewebs.com,Female,1991-06-28
293,Sheryl,Deare,sdeare84@oracle.com,Female,1987-12-11
294,Enrique,Conichie,econichie85@xing.com,Male,1994-10-01
295,Georgiana,Keenan,gkeenan86@360.cn,Female,1989-07-31
296,Willie,Elders,welders87@list-manage.com,Genderfluid,1988-11-19
297,Kendra,McMurrugh,kmcmurrugh88@goo.gl,Female,1982-08-28
298,North,Cammack,ncammack89@4shared.com,Male,1992-04-24
299,Lyman,Buddle,lbuddle8a@sina.com.cn,Male,1981-07-19
300,Barron,Muino,bmuino8b@pcworld.com,Male,1983-03-08
301,Giustino,Klimczak,gklimczak8c@nhs.uk,Male,1999-02-03
302,Aland,Forty,aforty8d@reference.com,Male,1983-04-17
303,Suki,Boraston,sboraston8e@diigo.com,Female,1984-02-20
304,Gladys,Jansey,gjansey8f@github.io,Female,1990-05-14
305,Clem,Alejandre,calejandre8g@oaic.gov.au,Male,1981-08-15
306,Lorain,Seydlitz,lseydlitz8h@is.gd,Female,1981-03-30
307,Malanie,Spight,mspight8i@umich.edu,Female,1995-01-14
308,Tiphany,Bernetti,tbernetti8j@tmall.com,Female,1981-12-11
309,Eyde,Jesse,ejesse8k@google.co.uk,Bigender,1985-05-11
310,Huntlee,Ryall,hryall8l@mapy.cz,Male,1998-05-08
311,Wallas,Tosspell,wtosspell8m@ebay.com,Male,1986-09-08
312,Branden,Belison,bbelison8n@wikia.com,Male,1989-11-15
313,Torr,Wawer,twawer8o@barnesandnoble.com,Male,1993-02-04
314,Solly,Riches,sriches8p@alibaba.com,Male,1986-07-06
315,Karim,Summersby,ksummersby8q@indiatimes.com,Male,1999-09-23
316,Bailey,Sigars,bsigars8r@macromedia.com,Male,1980-10-20
317,Allyson,Doberer,adoberer8s@whitehouse.gov,Female,1987-07-28
318,Brianna,Wilcott,bwilcott8t@nytimes.com,Female,1984-04-03
319,Oliver,Ruppeli,oruppeli8u@eepurl.com,Polygender,1981-12-19
320,Minnie,Rodinger,mrodinger8v@skype.com,Agender,1983-07-14
321,Drusie,Kacheler,dkacheler8w@mysql.com,Bigender,1994-12-22
322,Donovan,Hurnell,dhurnell8x@dmoz.org,Bigender,1997-10-10
323,Kym,Fominov,kfominov8y@virginia.edu,Female,1990-06-14
324,Yalonda,Blemings,yblemings8z@ftc.gov,Female,1991-01-24
325,Theodor,Baseggio,tbaseggio90@dailymotion.com,Male,1981-06-26
326,Nelli,Greenslade,ngreenslade91@usgs.gov,Female,1988-04-12
327,Wylma,Mizen,wmizen92@guardian.co.uk,Female,1989-12-14
328,Antin,Curtayne,acurtayne93@nationalgeographic.com,Bigender,1999-10-31
329,Elmer,Roman,eroman94@networksolutions.com,Male,1985-11-20
330,Kris,Yakubovics,kyakubovics95@wordpress.org,Male,1982-06-26
331,Annadiana,Saipy,asaipy96@businesswire.com,Female,1987-10-15
332,Micah,Illidge,millidge97@va.gov,Male,1993-09-23
333,Gianni,Corking,gcorking98@prweb.com,Non-binary,1986-11-05
334,Vickie,Hurlston,vhurlston99@plala.or.jp,Female,1986-03-03
335,Kameko,Attersoll,kattersoll9a@xrea.com,Female,1992-05-29
336,Haze,Ondricek,hondricek9b@abc.net.au,Genderqueer,1997-09-26
337,Neille,McTeer,nmcteer9c@yelp.com,Female,1985-02-15
338,Dal,Cruden,dcruden9d@kickstarter.com,Male,1996-01-05
339,Rudolf,Maulden,rmaulden9e@yellowbook.com,Male,1988-09-18
340,Reese,Perrigo,rperrigo9f@tuttocitta.it,Male,1987-05-11
341,Zarla,Nequest,znequest9g@google.pl,Genderqueer,1991-08-16
342,Britni,MacGiany,bmacgiany9h@over-blog.com,Female,1982-03-13
343,Lalo,Borthwick,lborthwick9i@artisteer.com,Male,1981-08-14
344,Florencia,Vondrasek,fvondrasek9j@naver.com,Female,1992-11-28
345,Gwendolen,Grassin,ggrassin9k@fda.gov,Female,1995-12-24
346,Vanda,Guntrip,vguntrip9l@epa.gov,Female,1993-06-10
347,Silvia,Kordova,skordova9m@cdbaby.com,Female,1981-10-17
348,Jarvis,Tinkler,jtinkler9n@wikispaces.com,Male,1996-09-26
349,Una,Gaffon,ugaffon9o@delicious.com,Genderqueer,1987-06-01
350,Tracie,Frudd,tfrudd9p@google.com.hk,Male,1997-08-07
351,Claude,Bygraves,cbygraves9q@wordpress.org,Female,1992-04-28
352,Hamish,Basler,hbasler9r@mashable.com,Male,1990-04-05
353,Farica,Tomaselli,ftomaselli9s@bluehost.com,Female,1992-03-08
354,Benedicta,Beatens,bbeatens9t@fastcompany.com,Genderqueer,1990-06-25
355,Toby,Jendrich,tjendrich9u@cdbaby.com,Male,1988-06-24
356,Caye,Cory,ccory9v@miitbeian.gov.cn,Female,1998-10-06
357,Janine,Pizey,jpizey9w@java.com,Female,1984-12-18
358,Joelie,McElvine,jmcelvine9x@nifty.com,Female,1988-02-18
359,Marcelia,Sandilands,msandilands9y@tamu.edu,Female,1988-08-25
360,Edna,Jehu,ejehu9z@scientificamerican.com,Female,1983-04-27
361,Lusa,Weagener,lweagenera0@github.com,Female,1983-12-15
362,Junia,Combes,jcombesa1@example.com,Female,1984-08-07
363,Ricard,Hunsworth,rhunswortha2@pinterest.com,Male,1991-03-02
364,Dix,Stonary,dstonarya3@marketwatch.com,Female,1989-12-21
365,Martin,Stearn,mstearna4@paginegialle.it,Male,1989-02-06
366,Si,Roy,sroya5@mozilla.org,Male,1998-05-02
367,Kathrine,Fossett,kfossetta6@ovh.net,Female,1984-05-09
368,Mil,Ebsworth,mebswortha7@techcrunch.com,Female,1981-12-11
369,Monica,L'Archer,mlarchera8@wikispaces.com,Female,1987-03-10
370,Athene,Veneur,aveneura9@tripadvisor.com,Agender,1993-01-18
371,Claire,Kristof,ckristofaa@adobe.com,Male,1997-10-01
372,Ivar,Benwell,ibenwellab@1688.com,Male,1987-03-22
373,Sherwynd,Dagnan,sdagnanac@spotify.com,Male,1995-08-20
374,Kirbie,Buessen,kbuessenad@tripadvisor.com,Female,1982-04-08
375,Charlean,Hawkwood,chawkwoodae@dion.ne.jp,Female,1981-02-26
376,Josi,Grote,jgroteaf@businessweek.com,Female,1988-11-09
377,Francene,Morad,fmoradag@princeton.edu,Female,1984-10-08
378,Elia,Agney,eagneyah@1688.com,Male,1992-07-22
379,Mara,Neesham,mneeshamai@wp.com,Female,1988-04-05
380,Ethelin,Mildenhall,emildenhallaj@cnbc.com,Female,1998-07-04
381,Alisha,Fernley,afernleyak@reddit.com,Female,1988-01-12
382,Edwina,Tremelling,etremellingal@xing.com,Female,1990-07-25
383,Amelia,Chue,achueam@economist.com,Female,1988-06-17
384,Mychal,Sprakes,msprakesan@google.es,Agender,1990-03-22
385,Clarence,Gobel,cgobelao@cbslocal.com,Genderqueer,1997-03-01
386,Morris,Rebbeck,mrebbeckap@indiatimes.com,Male,1988-05-07
387,Bald,Glas,bglasaq@auda.org.au,Male,1985-04-08
388,Kellen,Storr,kstorrar@ca.gov,Male,1993-06-07
389,Buck,Jinkin,bjinkinas@over-blog.com,Male,1990-06-03
390,Damien,Brady,dbradyat@wix.com,Male,1984-06-06
391,Lion,Scarth,lscarthau@barnesandnoble.com,Male,1995-04-10
392,Deb,Kingsnode,dkingsnodeav@abc.net.au,Agender,1981-10-17
393,Ezri,Druett,edruettaw@miitbeian.gov.cn,Male,1984-03-02
394,Malissa,Petrie,mpetrieax@elegantthemes.com,Female,1985-07-06
395,Estrella,Roeby,eroebyay@hao123.com,Genderqueer,1995-06-26
396,Claiborn,Sharram,csharramaz@posterous.com,Male,1999-06-28
397,Ardelis,Duker,adukerb0@stumbleupon.com,Female,1984-07-26
398,Enriqueta,Cradoc,ecradocb1@statcounter.com,Female,1980-03-20
399,Deanna,Chaffer,dchafferb2@cnbc.com,Female,1995-04-04
400,Glad,Dyett,gdyettb3@dell.com,Female,1982-08-20
401,Elliott,Grindley,egrindleyb4@comsenz.com,Male,1982-08-26
402,Leticia,Wrankmore,lwrankmoreb5@aol.com,Genderfluid,1995-03-02
403,Tove,Gillimgham,tgillimghamb6@miitbeian.gov.cn,Genderqueer,1980-12-14
404,Nanny,Mochar,nmocharb7@mail.ru,Bigender,1980-06-19
405,Brent,Matteuzzi,bmatteuzzib8@google.co.uk,Male,1994-10-23
406,Nels,Tassel,ntasselb9@usda.gov,Male,1991-11-10
407,Allan,Finnemore,afinnemoreba@163.com,Male,1993-06-22
408,Corny,Tassell,ctassellbb@creativecommons.org,Male,1988-02-01
409,Casey,Gumby,cgumbybc@washington.edu,Male,1990-05-10
410,Harmonie,Christophers,hchristophersbd@eventbrite.com,Female,1982-11-30
411,Giavani,Lovejoy,glovejoybe@jimdo.com,Male,1997-06-14
412,Xerxes,Mallock,xmallockbf@bing.com,Male,1982-04-15
413,Ezekiel,Mogridge,emogridgebg@unicef.org,Male,1993-09-13
414,Ozzie,McFie,omcfiebh@ning.com,Male,1986-11-07
415,Isidore,Langdridge,ilangdridgebi@patch.com,Male,1983-12-20
416,Caressa,Alldritt,calldrittbj@i2i.jp,Agender,1997-06-12
417,Nelly,Creane,ncreanebk@wordpress.org,Female,1980-05-06
418,Fifi,Gibbon,fgibbonbl@state.gov,Agender,1994-01-05
419,Haley,Furlong,hfurlongbm@phpbb.com,Non-binary,1997-08-20
420,Dev,Gollin,dgollinbn@storify.com,Male,1993-01-16
421,Rosanna,Munkley,rmunkleybo@netvibes.com,Female,1998-11-18
422,Candis,Murrigans,cmurrigansbp@earthlink.net,Female,1999-05-23
423,Christoph,Herries,cherriesbq@so-net.ne.jp,Male,1982-07-22
424,Rowland,Senchenko,rsenchenkobr@livejournal.com,Male,1992-05-29
425,Rodney,Hodgins,rhodginsbs@unblog.fr,Male,1981-04-18
426,Bryana,Bromidge,bbromidgebt@amazon.co.uk,Non-binary,1988-07-11
427,Camila,Keppel,ckeppelbu@bbb.org,Female,1990-03-12
428,Levy,Greedy,lgreedybv@jalbum.net,Male,1984-01-31
429,Tedie,Dobie,tdobiebw@cnbc.com,Male,1994-07-12
430,Lise,Sillett,lsillettbx@columbia.edu,Genderqueer,1987-03-12
431,Olvan,Vigneron,ovigneronby@google.com.br,Male,1990-03-21
432,Butch,Fannin,bfanninbz@merriam-webster.com,Male,1982-12-25
433,Yolande,Tummasutti,ytummasuttic0@artisteer.com,Female,1981-04-21
434,Merry,Radford,mradfordc1@amazon.com,Male,1983-08-21
435,Osbourne,Roakes,oroakesc2@fda.gov,Male,1981-03-29
436,Cherye,Garard,cgarardc3@twitpic.com,Female,1997-01-19
437,Valery,Stych,vstychc4@narod.ru,Female,1991-08-11
438,Dionysus,Roome,droomec5@phpbb.com,Genderqueer,1986-06-06
439,Harriet,Bree,hbreec6@sakura.ne.jp,Bigender,1991-02-18
440,Beauregard,Bellelli,bbellellic7@alibaba.com,Male,1982-03-24
441,Beryle,Lawler,blawlerc8@ycombinator.com,Female,1982-09-10
442,Orazio,Vogeler,ovogelerc9@ed.gov,Male,1998-10-30
443,Ingelbert,Wabey,iwabeyca@linkedin.com,Male,1983-06-26
444,Shandie,Liebermann,sliebermanncb@facebook.com,Female,1991-09-24
445,Chloris,Jojic,cjojiccc@canalblog.com,Genderqueer,1983-11-17
446,Olva,Westley,owestleycd@google.es,Female,1997-12-24
447,Antone,Blaxill,ablaxillce@dedecms.com,Male,1996-05-12
448,Stanley,Farbrother,sfarbrothercf@w3.org,Genderqueer,1987-02-12
449,Rosalinde,Conyer,rconyercg@tmall.com,Non-binary,1986-08-11
450,Wilow,Gyver,wgyverch@timesonline.co.uk,Female,1986-04-26
451,Fran,Wieprecht,fwieprechtci@ox.ac.uk,Polygender,1992-04-20
452,Von,Laslett,vlaslettcj@twitpic.com,Male,1991-03-15
453,Carry,Odd,coddck@umn.edu,Female,1982-08-17
454,Trstram,Eddleston,teddlestoncl@usatoday.com,Male,1984-03-12
455,Aeriell,Hendren,ahendrencm@salon.com,Female,1983-06-07
456,Averil,Wharrier,awharriercn@themeforest.net,Female,1999-09-18
457,Griffy,Toolan,gtoolanco@gravatar.com,Male,1986-09-20
458,Gussy,Wallage,gwallagecp@hugedomains.com,Female,1987-01-27
459,Kanya,Tavener,ktavenercq@networksolutions.com,Female,1986-07-22
460,Giorgi,Vassar,gvassarcr@meetup.com,Male,1984-05-24
461,Rebecka,Caret,rcaretcs@xinhuanet.com,Female,1991-05-07
462,Bale,Calcut,bcalcutct@scribd.com,Non-binary,1991-01-05
463,Jada,Mackerel,jmackerelcu@google.es,Female,1994-12-10
464,Irwinn,MacGill,imacgillcv@about.com,Male,1997-10-28
465,Elianore,Klimko,eklimkocw@4shared.com,Female,1998-10-22
466,Mike,Humphrey,mhumphreycx@wp.com,Male,1992-08-24
467,Jessie,Stanwix,jstanwixcy@1und1.de,Male,1997-05-10
468,Hector,Haigh,hhaighcz@elpais.com,Male,1997-11-15
469,Artemas,Tabour,atabourd0@jugem.jp,Male,1995-07-13
470,Ora,Ullett,oullettd1@shop-pro.jp,Female,1988-05-09
471,Glen,Simison,gsimisond2@netvibes.com,Female,1985-12-13
472,Kipper,Essery,kesseryd3@time.com,Male,1984-08-19
473,Cesar,Quincey,cquinceyd4@aboutads.info,Male,1997-09-28
474,Gwyneth,Norcott,gnorcottd5@woothemes.com,Female,1988-05-17
475,Bruis,O' Bee,bobeed6@china.com.cn,Male,1982-04-24
476,Freddy,Baudinet,fbaudinetd7@360.cn,Female,1996-09-04
477,Dela,Vennard,dvennardd8@dailymotion.com,Female,1980-01-05
478,Marlin,Camell,mcamelld9@google.it,Bigender,1989-12-27
479,Stearne,Orable,sorableda@wordpress.org,Male,1992-07-11
480,Sylvester,Bonome,sbonomedb@upenn.edu,Genderfluid,1985-03-28
481,Ursulina,Hubbis,uhubbisdc@webmd.com,Female,1995-07-17
482,Roxane,Beardsdale,rbeardsdaledd@domainmarket.com,Female,1997-06-28
483,Rosene,Jay,rjayde@cam.ac.uk,Female,1999-06-03
484,Perri,Letherbury,pletherburydf@google.cn,Female,1998-06-22
485,Codi,Reinert,creinertdg@sakura.ne.jp,Female,1981-12-25
486,Gray,Shulem,gshulemdh@elegantthemes.com,Female,1986-08-17
487,Caz,Flowith,cflowithdi@surveymonkey.com,Male,1982-01-05
488,Pammie,Dreger,pdregerdj@chicagotribune.com,Female,1992-01-13
489,Ellen,Ales,ealesdk@cafepress.com,Female,1980-11-24
490,Raff,Renackowna,rrenackownadl@edublogs.org,Male,1985-11-08
491,Melesa,Winspare,mwinsparedm@cornell.edu,Female,1991-12-28
492,Theodor,Patterson,tpattersondn@hp.com,Male,1985-05-27
493,Nick,Westcot,nwestcotdo@is.gd,Bigender,1996-07-20
494,Baron,MacMeeking,bmacmeekingdp@cbc.ca,Male,1987-07-19
495,Raoul,Hankin,rhankindq@stumbleupon.com,Male,1981-04-08
496,Curtis,Maevela,cmaeveladr@umich.edu,Male,1999-12-15
497,Marven,Goldsbrough,mgoldsbroughds@mysql.com,Male,1992-12-03
498,Adamo,Fouch,afouchdt@odnoklassniki.ru,Male,1991-01-12
499,Fairlie,Sacks,fsacksdu@dell.com,Male,1993-05-24
500,Casey,Dyshart,cdyshartdv@baidu.com,Male,1993-02-27
501,Jessi,Paulley,jpaulleydw@tinypic.com,Polygender,1982-01-28
502,Keefe,Teissier,kteissierdx@privacy.gov.au,Male,1995-04-16
503,Muire,Trent,mtrentdy@about.me,Female,1992-12-24
504,Eileen,Pert,epertdz@ow.ly,Female,1993-06-30
505,Jamey,Cale,jcalee0@utexas.edu,Male,1992-12-11
506,Gleda,Hearnes,ghearnese1@slideshare.net,Female,1990-04-16
507,Romain,Haisell,rhaiselle2@pbs.org,Male,1990-01-12
508,Cory,Edwardson,cedwardsone3@dyndns.org,Female,1997-06-21
509,Terri-jo,Jotham,tjothame4@desdev.cn,Genderqueer,1992-03-30
510,Jacquenetta,Jeram,jjerame5@storify.com,Female,1985-01-03
511,Collie,Brinkley,cbrinkleye6@usatoday.com,Female,1986-08-22
512,Gussi,Corney,gcorneye7@cafepress.com,Female,1989-04-19
513,Joye,Agent,jagente8@chron.com,Non-binary,1998-12-24
514,Joe,Deeley,jdeeleye9@tripadvisor.com,Male,1999-02-06
515,Melloney,Havard,mhavardea@cbsnews.com,Female,1987-03-24
516,Madison,Oakley,moakleyeb@123-reg.co.uk,Male,1999-01-04
517,Karel,Metcalf,kmetcalfec@canalblog.com,Female,1984-04-17
518,Rycca,Dumbarton,rdumbartoned@google.com,Female,1983-11-30
519,Vickie,Ong,vongee@studiopress.com,Non-binary,1986-05-03
520,Torre,Maccrae,tmaccraeef@icio.us,Non-binary,1992-12-02
521,Bethanne,Bea,bbeaeg@github.com,Female,1987-03-19
522,Shirl,Lerigo,slerigoeh@squarespace.com,Female,1989-07-01
523,Katerina,Cutmore,kcutmoreei@github.com,Female,1991-11-03
524,Lockwood,McCabe,lmccabeej@blogs.com,Male,1990-11-28
525,Bing,Jenkins,bjenkinsek@house.gov,Male,1991-04-01
526,Jeffy,Backs,jbacksel@shutterfly.com,Male,1986-11-26
527,Rudiger,McCorry,rmccorryem@furl.net,Male,1985-02-02
528,Ahmad,Gaughan,agaughanen@apache.org,Male,1987-06-13
529,Frants,Fulham,ffulhameo@google.pl,Male,1998-01-01
530,Tirrell,Rozenbaum,trozenbaumep@hc360.com,Non-binary,1981-01-06
531,Chrysa,Colchett,ccolchetteq@pen.io,Female,1992-11-11
532,Wynne,Chesterman,wchestermaner@macromedia.com,Female,1995-11-12
533,Rosemaria,Zammett,rzammettes@github.com,Female,1983-11-19
534,Harlie,Hayball,hhayballet@aol.com,Female,1988-02-18
535,Waly,Stevani,wstevanieu@vinaora.com,Female,1992-09-19
536,Marlee,Greensitt,mgreensittev@nps.gov,Female,1981-04-21
537,Ivette,Ferrea,iferreaew@topsy.com,Female,1988-09-25
538,Tadeo,Storrs,tstorrsex@nsw.gov.au,Male,1980-09-06
539,Chucho,Feldklein,cfeldkleiney@moonfruit.com,Male,1980-12-06
540,Cybil,Langstone,clangstoneez@wikimedia.org,Female,1999-02-02
541,Vernen,Avramovsky,vavramovskyf0@zdnet.com,Male,1988-01-06
542,Lauren,Keen,lkeenf1@edublogs.org,Genderqueer,1997-07-01
543,Lynsey,Strutt,lstruttf2@ucoz.ru,Female,1980-07-02
544,Harrietta,Mattusov,hmattusovf3@harvard.edu,Female,1998-12-26
545,Dani,Tompion,dtompionf4@sun.com,Female,1986-06-29
546,Janette,Dukesbury,jdukesburyf5@deliciousdays.com,Female,1981-12-20
547,Otha,McGlynn,omcglynnf6@redcross.org,Genderfluid,1988-02-29
548,Reg,Barthelet,rbartheletf7@ucla.edu,Genderqueer,1995-07-05
549,Karyl,Foddy,kfoddyf8@weibo.com,Female,1984-08-22
550,Serge,Carlsen,scarlsenf9@4shared.com,Male,1999-07-18
551,Addi,Garstang,agarstangfa@craigslist.org,Female,1992-03-25
552,Lon,Walesa,lwalesafb@gmpg.org,Male,1999-06-04
553,Jan,Caughte,jcaughtefc@mysql.com,Male,1989-08-28
554,Shalne,Doelle,sdoellefd@cnet.com,Female,1991-11-15
555,Adams,MacCartan,amaccartanfe@1und1.de,Male,1997-09-11
556,Jaymie,Adolfson,jadolfsonff@cocolog-nifty.com,Male,1985-02-11
557,Michelina,MacKenny,mmackennyfg@spiegel.de,Female,1988-07-31
558,Bronny,Sherville,bshervillefh@macromedia.com,Male,1982-07-10
559,Clair,Gabe,cgabefi@i2i.jp,Female,1981-12-16
560,Gabby,Corbitt,gcorbittfj@mapy.cz,Male,1993-07-31
561,Olly,Greenroad,ogreenroadfk@mozilla.org,Male,1983-12-27
562,Farrah,Norfolk,fnorfolkfl@china.com.cn,Female,1999-08-15
563,Jacquette,Duplock,jduplockfm@nba.com,Female,1987-06-06
564,Stanleigh,Skoof,sskooffn@discovery.com,Male,1988-01-21
565,Farleigh,Chieco,fchiecofo@goo.ne.jp,Male,1988-10-07
566,Sadye,Vogelein,svogeleinfp@soup.io,Female,1987-02-07
567,Carlotta,MacCaughey,cmaccaugheyfq@yandex.ru,Female,1991-02-24
568,Pammie,Eastbrook,peastbrookfr@last.fm,Female,1995-05-07
569,Elane,Vickress,evickressfs@macromedia.com,Female,1984-11-18
570,Aleen,Cuschieri,acuschierift@discovery.com,Female,1982-10-19
571,Pammy,Gartsyde,pgartsydefu@photobucket.com,Female,1985-05-09
572,Vale,Hildrew,vhildrewfv@newsvine.com,Male,1990-09-29
573,Toby,Lawlor,tlawlorfw@flickr.com,Male,1993-09-27
574,Cheryl,Grzegorzewicz,cgrzegorzewiczfx@mit.edu,Female,1988-04-14
575,Mallissa,Agirre,magirrefy@harvard.edu,Female,1984-07-29
576,Lev,Malbon,lmalbonfz@digg.com,Male,1981-12-15
577,Neel,Burger,nburgerg0@ustream.tv,Male,1989-07-06
578,Christye,Pennicott,cpennicottg1@posterous.com,Female,1998-07-06
579,Benn,Brameld,bbrameldg2@github.io,Agender,1980-02-19
580,Ange,Orro,aorrog3@ox.ac.uk,Female,1990-06-23
581,Mira,Oram,moramg4@msn.com,Female,1988-02-09
582,Aundrea,Wedon,awedong5@wikispaces.com,Female,1984-11-27
583,Bronson,Tommen,btommeng6@npr.org,Male,1993-10-13
584,Abel,Fawdrie,afawdrieg7@technorati.com,Male,1996-03-07
585,Orville,Asson,oassong8@jugem.jp,Non-binary,1992-11-20
586,Cristabel,Asplen,caspleng9@seattletimes.com,Agender,1984-06-25
587,L;urette,Strowthers,lstrowthersga@histats.com,Female,1992-06-02
588,Arlette,Pedwell,apedwellgb@ebay.com,Female,1992-12-08
589,Fidela,Laurence,flaurencegc@chicagotribune.com,Female,1999-08-07
590,Ernesta,Heimes,eheimesgd@pagesperso-orange.fr,Female,1983-04-08
591,Delinda,Pestridge,dpestridgege@1und1.de,Female,1992-08-16
592,Saidee,Hatherley,shatherleygf@illinois.edu,Female,1992-03-29
593,Dominique,MacGill,dmacgillgg@tumblr.com,Female,1980-05-25
594,Archer,Raine,arainegh@amazon.co.uk,Male,1999-04-05
595,Denney,Gosalvez,dgosalvezgi@accuweather.com,Male,1980-07-25
596,Tedra,Delmage,tdelmagegj@yahoo.co.jp,Female,1985-10-16
597,Reynolds,Shippam,rshippamgk@nasa.gov,Male,1986-10-17
598,Wilmer,Duerdin,wduerdingl@storify.com,Male,1991-10-03
599,Chlo,Marsy,cmarsygm@ehow.com,Female,1994-03-03
600,Slade,Sumpton,ssumptongn@tmall.com,Male,1985-06-19
601,Deanne,Oldroyde,doldroydego@technorati.com,Genderqueer,1997-01-14
602,Aggy,Glennard,aglennardgp@sphinn.com,Female,1981-12-07
603,Alvan,Purton,apurtongq@cargocollective.com,Male,1988-07-06
604,Rolf,Jarlmann,rjarlmanngr@joomla.org,Male,1990-07-29
605,Jerri,Frood,jfroodgs@cloudflare.com,Male,1991-10-29
606,Noni,Soars,nsoarsgt@diigo.com,Female,1995-08-11
607,Kelsey,Tunnah,ktunnahgu@nifty.com,Female,1996-12-23
608,Rianon,Dowling,rdowlinggv@pbs.org,Female,1989-03-25
609,Alexia,Bullick,abullickgw@creativecommons.org,Female,1991-07-07
610,Krisha,Liddon,kliddongx@google.it,Male,1980-03-29
611,Jillayne,Giveen,jgiveengy@webeden.co.uk,Female,1994-09-20
612,Eileen,Pretorius,epretoriusgz@auda.org.au,Female,1985-03-11
613,Farlee,Ilieve,filieveh0@hubpages.com,Male,1989-11-04
614,Reina,Dimitriades,rdimitriadesh1@amazonaws.com,Female,1990-07-28
615,Ramonda,Durbin,rdurbinh2@istockphoto.com,Female,1980-07-17
616,Carol,Frazer,cfrazerh3@washingtonpost.com,Female,1980-01-27
617,Tim,Roddell,troddellh4@nps.gov,Female,1986-07-10
618,Shannen,Cheer,scheerh5@friendfeed.com,Female,1995-05-07
619,Robbi,Iacoviello,riacovielloh6@chicagotribune.com,Female,1987-04-19
620,Merry,Travers,mtraversh7@taobao.com,Female,1981-02-26
621,Donny,Merryman,dmerrymanh8@washingtonpost.com,Male,1984-11-29
622,Blancha,Ramsdale,bramsdaleh9@list-manage.com,Female,1986-02-04
623,Zack,Bidnall,zbidnallha@toplist.cz,Male,1991-04-01
624,Lorenza,Posselwhite,lposselwhitehb@mapquest.com,Female,1987-10-17
625,Wayland,Kunkler,wkunklerhc@over-blog.com,Male,1984-07-21
626,Maynard,De la Feld,mdelafeldhd@ed.gov,Male,1980-08-31
627,My,Braban,mbrabanhe@boston.com,Male,1998-02-28
628,Gustavus,MacKomb,gmackombhf@engadget.com,Male,1995-06-13
629,Ambrosius,McAuslan,amcauslanhg@spiegel.de,Male,1997-07-28
630,Patsy,Pynner,ppynnerhh@mac.com,Male,1996-11-09
631,Ethelda,Predohl,epredohlhi@trellian.com,Female,1982-02-14
632,Anselm,Faithfull,afaithfullhj@hc360.com,Male,1997-07-20
633,Shaylynn,Wiley,swileyhk@diigo.com,Female,1993-08-19
634,Elene,Aggs,eaggshl@technorati.com,Female,1992-11-25
635,Doralia,Leeman,dleemanhm@taobao.com,Female,1992-07-01
636,Winifred,Rothon,wrothonhn@cornell.edu,Genderqueer,1985-11-04
637,Thedric,Kiendl,tkiendlho@ucoz.com,Male,1983-11-13
638,Levey,Whimpenny,lwhimpennyhp@dailymail.co.uk,Male,1982-12-19
639,Federico,Stickells,fstickellshq@devhub.com,Bigender,1995-06-05
640,Jillana,Belleny,jbellenyhr@studiopress.com,Female,1984-12-16
641,Novelia,Yakebowitch,nyakebowitchhs@upenn.edu,Female,1980-04-11
642,Linet,Lube,llubeht@angelfire.com,Female,1982-10-31
643,Steward,Strotone,sstrotonehu@businesswire.com,Male,1989-06-02
644,Kym,Andreoletti,kandreolettihv@wsj.com,Female,1980-08-22
645,Shelley,Swindin,sswindinhw@craigslist.org,Male,1989-12-13
646,Arlen,Belsher,abelsherhx@nytimes.com,Male,1989-08-29
647,Colene,Thomsen,cthomsenhy@boston.com,Female,1989-07-17
648,Katee,MacAughtrie,kmacaughtriehz@themeforest.net,Female,1995-02-24
649,Orlan,McElhinney,omcelhinneyi0@boston.com,Male,1992-10-21
650,Prissie,Gulliford,pgullifordi1@forbes.com,Female,1990-07-08
651,Zebedee,Pandey,zpandeyi2@tripod.com,Male,1981-01-05
652,Eugen,Marrian,emarriani3@nasa.gov,Male,1981-08-21
653,Twyla,Pepin,tpepini4@sciencedirect.com,Female,1985-05-16
654,Ruthe,Tabert,rtaberti5@godaddy.com,Female,1981-07-12
655,Francesco,Berns,fbernsi6@princeton.edu,Genderfluid,1997-10-04
656,Brenden,Gain,bgaini7@homestead.com,Male,1993-07-26
657,Jan,Millington,jmillingtoni8@issuu.com,Male,1998-08-08
658,Abbey,Jeanneau,ajeanneaui9@cisco.com,Male,1982-02-09
659,Byrann,Hecks,bhecksia@slate.com,Male,1986-01-26
660,Erl,Bernhard,ebernhardib@slideshare.net,Male,1982-10-05
661,Orlando,Dallyn,odallynic@sciencedaily.com,Male,1981-03-20
662,Nonah,McCromley,nmccromleyid@smh.com.au,Female,1992-04-02
663,Hildagarde,Hemms,hhemmsie@apple.com,Female,1987-05-14
664,Gregoire,DeSousa,gdesousaif@is.gd,Male,1980-01-20
665,Cortie,Trimby,ctrimbyig@clickbank.net,Male,1980-12-30
666,Tandy,Wildber,twildberih@sina.com.cn,Female,1984-08-15
667,Maggie,Hogbin,mhogbinii@harvard.edu,Female,1985-02-18
668,Bear,Dowears,bdowearsij@jalbum.net,Male,1990-01-20
669,Cristabel,Messent,cmessentik@blogger.com,Bigender,1990-11-04
670,Skipp,Skrines,sskrinesil@wordpress.org,Male,1981-01-29
671,Shayna,Fallows,sfallowsim@themeforest.net,Female,1990-03-01
672,Guido,Coalburn,gcoalburnin@europa.eu,Male,1987-03-13
673,Roman,Blethyn,rblethynio@nbcnews.com,Male,1981-03-22
674,Suzy,Lannon,slannonip@huffingtonpost.com,Female,1994-12-02
675,Jania,Saintpierre,jsaintpierreiq@eepurl.com,Genderqueer,1995-11-06
676,Basil,Kembry,bkembryir@rakuten.co.jp,Male,1995-09-18
677,Talbot,Korneichik,tkorneichikis@cbsnews.com,Male,1989-12-10
678,Fiorenze,Snasdell,fsnasdellit@usa.gov,Female,1990-01-02
679,Ellerey,Atto,eattoiu@nhs.uk,Male,1994-02-24
680,Louise,Mattedi,lmattediiv@theglobeandmail.com,Female,1992-12-21
681,Amerigo,Spraggs,aspraggsiw@prlog.org,Male,1991-07-09
682,Rubie,Whitby,rwhitbyix@princeton.edu,Female,1990-02-06
683,Gilbertine,Dewberry,gdewberryiy@slate.com,Female,1985-05-18
684,Liva,Ullock,lullockiz@bluehost.com,Genderqueer,1988-05-26
685,Hyacinthie,Capell,hcapellj0@free.fr,Female,1982-03-20
686,Field,Draper,fdraperj1@printfriendly.com,Male,1992-08-24
687,Brockie,McDonough,bmcdonoughj2@biblegateway.com,Male,1980-09-30
688,Odella,Ferrulli,oferrullij3@bloglines.com,Female,1986-04-27
689,Cilka,Petch,cpetchj4@a8.net,Female,1980-07-02
690,Timmie,Latey,tlateyj5@bbc.co.uk,Non-binary,1990-01-31
691,Laurie,Landrean,llandreanj6@newsvine.com,Genderfluid,1986-10-05
692,Darlleen,Jelliman,djellimanj7@nasa.gov,Female,1993-06-30
693,Demott,Moody,dmoodyj8@nasa.gov,Male,1992-07-22
694,Biddie,Longmead,blongmeadj9@sciencedaily.com,Female,1992-12-08
695,Vlad,Tuck,vtuckja@boston.com,Male,1990-02-27
696,Sybil,Pelos,spelosjb@bloglovin.com,Female,1998-09-22
697,Quentin,Rechert,qrechertjc@columbia.edu,Male,1982-06-21
698,Hazlett,Philipson,hphilipsonjd@jalbum.net,Male,1996-04-21
699,Jackie,Petrashkov,jpetrashkovje@dmoz.org,Female,1994-02-26
700,Josee,Rollett,jrollettjf@canalblog.com,Female,1985-07-29
701,Luisa,Mushart,lmushartjg@army.mil,Genderqueer,1993-09-14
702,Aurie,Tuckwell,atuckwelljh@usa.gov,Female,1993-05-30
703,Jamima,Sidworth,jsidworthji@businesswire.com,Female,1998-12-26
704,Reagan,Dunkerton,rdunkertonjj@creativecommons.org,Polygender,1997-05-04
705,Ludvig,Harberer,lharbererjk@meetup.com,Male,1982-08-10
706,Maisey,Piccop,mpiccopjl@nasa.gov,Female,1992-09-11
707,Ginni,Fluit,gfluitjm@qq.com,Female,1984-11-01
708,Darius,Hoyes,dhoyesjn@mozilla.org,Male,1986-03-04
709,Adriano,Manders,amandersjo@wordpress.com,Male,1991-09-05
710,Frazier,Learie,fleariejp@weebly.com,Male,1999-03-05
711,Bertie,Skuce,bskucejq@eepurl.com,Male,1987-09-17
712,Osbert,Furze,ofurzejr@fc2.com,Male,1991-03-30
713,Cesaro,Clifforth,cclifforthjs@furl.net,Male,1990-06-25
714,Rosemaria,Goring,rgoringjt@msu.edu,Female,1991-03-27
715,Dela,Measom,dmeasomju@instagram.com,Female,1997-12-05
716,Opaline,Divell,odivelljv@google.ru,Female,1984-07-14
717,Benny,Ditts,bdittsjw@shop-pro.jp,Male,1981-02-13
718,Hanny,Davinet,hdavinetjx@thetimes.co.uk,Female,1992-08-07
719,Kanya,Bacop,kbacopjy@java.com,Female,1989-08-13
720,Hank,Antognetti,hantognettijz@liveinternet.ru,Bigender,1990-06-15
721,Torie,Theuff,ttheuffk0@cloudflare.com,Female,1994-05-23
722,Kenyon,Winckles,kwincklesk1@kickstarter.com,Male,1996-05-24
723,Bobbe,Rolance,brolancek2@businessweek.com,Female,1990-12-10
724,Rolando,Arkcoll,rarkcollk3@wisc.edu,Male,1983-07-09
725,Mireielle,Guesford,mguesfordk4@hao123.com,Female,1985-12-17
726,Lucretia,Accum,laccumk5@netscape.com,Female,1993-03-07
727,Gareth,Goldby,ggoldbyk6@nps.gov,Male,1997-07-15
728,Sibella,Riley,srileyk7@php.net,Female,1983-11-14
729,Kyle,Aveline,kavelinek8@usnews.com,Male,1991-10-04
730,Tedd,Entres,tentresk9@ed.gov,Male,1991-09-14
731,Alethea,Torrent,atorrentka@ameblo.jp,Female,1990-04-03
732,Damita,Roderigo,droderigokb@amazon.co.uk,Female,1983-12-13
733,Katinka,Whiscard,kwhiscardkc@noaa.gov,Female,1984-06-25
734,Rochester,Bebbell,rbebbellkd@ft.com,Male,1994-11-09
735,Aymer,Halso,ahalsoke@theatlantic.com,Male,1986-05-04
736,Nady,Britto,nbrittokf@kickstarter.com,Female,1993-08-13
737,Isabeau,Bru,ibrukg@webeden.co.uk,Female,1996-04-18
738,Augie,Fearney,afearneykh@biblegateway.com,Male,1998-07-29
739,Aubrey,Speedin,aspeedinki@phoca.cz,Agender,1987-03-30
740,Jareb,Barham,jbarhamkj@opensource.org,Male,1983-06-15
741,Fianna,Woodthorpe,fwoodthorpekk@netvibes.com,Female,1990-01-16
742,Tate,Jeans,tjeanskl@imdb.com,Female,1990-10-15
743,Rea,Jakubczyk,rjakubczykkm@wikipedia.org,Female,1990-07-09
744,Grace,Graeber,ggraeberkn@twitpic.com,Male,1988-11-29
745,Ianthe,Blakesley,iblakesleyko@guardian.co.uk,Female,1985-10-05
746,Ashby,Iskower,aiskowerkp@smh.com.au,Male,1996-08-05
747,Rossie,Yeulet,ryeuletkq@mozilla.com,Genderfluid,1998-09-03
748,Daniele,Pomfrey,dpomfreykr@weebly.com,Female,1999-02-12
749,Elbert,Canto,ecantoks@amazon.com,Male,1989-04-21
750,Jerry,Dalton,jdaltonkt@paypal.com,Genderqueer,1983-09-30
751,Scott,Ciotti,sciottiku@fda.gov,Male,1982-12-18
752,Maje,Itzhaki,mitzhakikv@psu.edu,Male,1987-11-18
753,Roma,Lawlance,rlawlancekw@gmpg.org,Male,1989-08-26
754,Zeke,Charsley,zcharsleykx@intel.com,Male,1998-01-16
755,Maxi,Paddle,mpaddleky@ox.ac.uk,Female,1992-08-25
756,Antonie,Sam,asamkz@lycos.com,Female,1991-08-06
757,Damita,Goundry,dgoundryl0@desdev.cn,Female,1984-11-26
758,Gallagher,Danet,gdanetl1@deliciousdays.com,Male,1989-01-02
759,Daniel,Nice,dnicel2@aol.com,Male,1997-05-18
760,Melodie,Donohoe,mdonohoel3@theatlantic.com,Female,1985-09-23
761,Kym,MacInherney,kmacinherneyl4@paginegialle.it,Female,1984-08-22
762,Lincoln,Papaminas,lpapaminasl5@hexun.com,Male,1996-02-13
763,Millie,Ghilardi,mghilardil6@phpbb.com,Female,1981-12-01
764,Micheline,Brookson,mbrooksonl7@comsenz.com,Female,1996-11-10
765,Alameda,Cobello,acobellol8@spotify.com,Female,1980-04-06
766,Faith,Matterdace,fmatterdacel9@so-net.ne.jp,Female,1981-11-30
767,Ronalda,Gidney,rgidneyla@usatoday.com,Female,1989-02-18
768,Yovonnda,Fashion,yfashionlb@geocities.com,Female,1987-03-07
769,Tadeas,Larrie,tlarrielc@devhub.com,Male,1984-02-20
770,Kassia,Dennes,kdennesld@vinaora.com,Female,1988-12-22
771,Darla,Shilstone,dshilstonele@washington.edu,Bigender,1986-01-28
772,Fulvia,Drewry,fdrewrylf@chicagotribune.com,Female,1986-03-24
773,Pietrek,Belham,pbelhamlg@pen.io,Male,1986-03-03
774,Alwyn,Caseborne,acasebornelh@weebly.com,Male,1993-01-19
775,Janel,Weatherburn,jweatherburnli@slashdot.org,Female,1993-07-26
776,Carlota,Knutton,cknuttonlj@phoca.cz,Genderfluid,1990-11-01
777,Nisse,Haw,nhawlk@businessinsider.com,Female,1999-03-08
778,Weider,Moncrefe,wmoncrefell@cargocollective.com,Male,1993-08-16
779,Florette,Harlock,fharlocklm@constantcontact.com,Female,1994-09-16
780,Jamie,Kynan,jkynanln@e-recht24.de,Male,1994-03-07
781,Dian,Avrahamoff,davrahamofflo@wp.com,Female,1982-12-01
782,Athena,Schustl,aschustllp@google.com.br,Female,1994-06-27
783,Amandy,Wicher,awicherlq@naver.com,Agender,1989-01-19
784,Ulrick,Grishechkin,ugrishechkinlr@time.com,Male,1984-04-08
785,Mickie,Overton,movertonls@networkadvertising.org,Female,1980-09-10
786,Melitta,Robberecht,mrobberechtlt@ameblo.jp,Genderqueer,1988-02-18
787,Jacquie,Kenderdine,jkenderdinelu@tiny.cc,Female,1986-05-13
788,Adora,Skaife,askaifelv@oaic.gov.au,Female,1981-11-02
789,Issi,Dan,idanlw@thetimes.co.uk,Female,1985-12-05
790,Corly,Ullock,cullocklx@networkadvertising.org,Female,1981-05-01
791,Ekaterina,De Miranda,edemirandaly@gizmodo.com,Female,1998-11-28
792,Halimeda,Frow,hfrowlz@marriott.com,Polygender,1991-08-06
793,Mellie,Portwain,mportwainm0@archive.org,Female,1982-05-14
794,Sumner,Petschelt,spetscheltm1@google.co.jp,Male,1994-02-22
795,Aurore,Clewes,aclewesm2@slideshare.net,Female,1988-09-12
796,Verine,Laborde,vlabordem3@businessweek.com,Female,1982-04-25
797,Barb,Conerding,bconerdingm4@amazon.co.uk,Female,1994-06-27
798,Pamela,Milligan,pmilliganm5@alibaba.com,Female,1982-03-13
799,Cy,Coveney,ccoveneym6@pbs.org,Male,1983-04-23
800,Kim,Seamark,kseamarkm7@ftc.gov,Male,1990-05-06
801,Basil,Diver,bdiverm8@statcounter.com,Male,1998-02-10
802,Heloise,Dabell,hdabellm9@house.gov,Female,1997-10-15
803,Mab,Cuningham,mcuninghamma@ucoz.ru,Female,1996-07-22
804,Cherilynn,Breede,cbreedemb@hexun.com,Female,1983-02-07
805,Jehu,Klawi,jklawimc@upenn.edu,Male,1986-07-31
806,Christopher,Ivers,civersmd@gnu.org,Male,1986-06-24
807,Althea,Gurley,agurleyme@godaddy.com,Female,1995-09-25
808,Nye,Sayles,nsaylesmf@elpais.com,Male,1981-01-09
809,Geordie,Crimin,gcriminmg@squarespace.com,Male,1982-07-06
810,Annabelle,Derrington,aderringtonmh@creativecommons.org,Female,1985-11-13
811,Marten,Willeson,mwillesonmi@utexas.edu,Male,1995-02-19
812,Birgit,Blanchette,bblanchettemj@google.it,Female,1983-02-12
813,Boris,Wallicker,bwallickermk@tuttocitta.it,Male,1988-08-14
814,Currey,Dunsire,cdunsireml@slashdot.org,Male,1997-07-06
815,Phillipp,Heskin,pheskinmm@ehow.com,Male,1985-03-26
816,Diann,Stronack,dstronackmn@yellowbook.com,Female,1998-12-29
817,Bent,Sandell,bsandellmo@telegraph.co.uk,Male,1993-04-24
818,Sherm,Mundford,smundfordmp@dion.ne.jp,Male,1980-08-07
819,Ronnie,Pedro,rpedromq@senate.gov,Female,1987-02-04
820,Dorise,Womersley,dwomersleymr@guardian.co.uk,Female,1992-07-28
821,Monika,Housegoe,mhousegoems@soup.io,Female,1990-05-22
822,Wandie,Boulter,wboultermt@sbwire.com,Female,1984-10-13
823,Marietta,Lammerich,mlammerichmu@bbb.org,Male,1994-04-27
824,Fidelio,Jost,fjostmv@army.mil,Male,1991-09-05
825,Amalita,Lukasen,alukasenmw@google.nl,Female,1986-02-04
826,El,Pittman,epittmanmx@xrea.com,Male,1997-01-25
827,Koren,Saltman,ksaltmanmy@nifty.com,Female,1995-12-13
828,Valaria,Gingel,vgingelmz@over-blog.com,Female,1997-11-11
829,Joellyn,McLaverty,jmclavertyn0@is.gd,Female,1997-10-19
830,Georgy,Hannaby,ghannabyn1@aboutads.info,Male,1990-05-17
831,Nita,Blight,nblightn2@bloomberg.com,Female,1998-07-21
832,Giusto,Bushby,gbushbyn3@istockphoto.com,Male,1994-12-12
833,Lindsey,Vallantine,lvallantinen4@cnbc.com,Female,1989-02-04
834,Adair,Dohrmann,adohrmannn5@whitehouse.gov,Male,1983-03-23
835,Debbie,Catton,dcattonn6@wiley.com,Female,1999-04-21
836,Clary,Redan,credann7@webnode.com,Female,1982-04-27
837,Guthrey,Friar,gfriarn8@exblog.jp,Male,1989-08-11
838,Rochette,Aland,ralandn9@goo.ne.jp,Female,1987-10-16
839,Des,Wilder,dwilderna@tinyurl.com,Male,1991-05-28
840,Benson,Bulfoy,bbulfoynb@reddit.com,Male,1987-06-26
841,Marven,Bedell,mbedellnc@ameblo.jp,Male,1982-11-18
842,Katina,Springham,kspringhamnd@squarespace.com,Female,1981-08-14
843,Lawton,Grigolashvill,lgrigolashvillne@ezinearticles.com,Male,1989-11-08
844,Queenie,Drummond,qdrummondnf@discovery.com,Female,1981-06-26
845,Evanne,Senter,esenterng@ycombinator.com,Female,1992-07-24
846,Vilma,Malatalant,vmalatalantnh@google.com.hk,Female,1998-03-25
847,Magdalena,Rabbatts,mrabbattsni@bloglovin.com,Female,1998-05-08
848,Jolynn,Keasy,jkeasynj@cpanel.net,Female,1997-12-06
849,Dorette,Thunders,dthundersnk@shop-pro.jp,Female,1993-03-21
850,Audra,Mouser,amousernl@gov.uk,Female,1995-04-01
851,Antonin,Paal,apaalnm@behance.net,Non-binary,1982-09-04
852,Konstance,Whiteway,kwhitewaynn@topsy.com,Female,1993-04-22
853,Eugenio,Breinlein,ebreinleinno@google.pl,Male,1997-10-19
854,Con,Sagerson,csagersonnp@plala.or.jp,Female,1994-10-19
855,Dolorita,Muriel,dmurielnq@census.gov,Female,1995-02-08
856,Hewett,Ridewood,hridewoodnr@webmd.com,Agender,1984-07-11
857,Sashenka,Leehane,sleehanens@usa.gov,Female,1991-03-03
858,Randi,Urrey,rurreynt@altervista.org,Polygender,1983-02-04
859,Bonita,Toal,btoalnu@google.de,Female,1991-02-13
860,Margi,Matous,mmatousnv@zdnet.com,Female,1997-04-18
861,Dare,Maddick,dmaddicknw@pen.io,Male,1983-07-23
862,Craggy,Plait,cplaitnx@friendfeed.com,Male,1986-07-27
863,Gabbie,Jekel,gjekelny@seesaa.net,Female,1982-06-07
864,Maitilde,Whitemarsh,mwhitemarshnz@dmoz.org,Female,1987-08-25
865,Joannes,Rowsel,jrowselo0@ovh.net,Female,1984-10-06
866,Cass,Ranald,cranaldo1@theguardian.com,Male,1989-07-30
867,Zelma,Powland,zpowlando2@huffingtonpost.com,Female,1997-01-10
868,Mame,Rapp,mrappo3@odnoklassniki.ru,Female,1994-12-18
869,Cyrus,Sarll,csarllo4@flavors.me,Male,1989-07-29
870,Sandy,Orans,soranso5@theglobeandmail.com,Male,1991-06-02
871,Dorolice,Selesnick,dselesnicko6@a8.net,Female,1989-02-05
872,Vale,Gossart,vgossarto7@shop-pro.jp,Male,1997-01-23
873,Fidole,Snodden,fsnoddeno8@1und1.de,Male,1992-03-23
874,Leena,Ellicombe,lellicombeo9@upenn.edu,Female,1999-04-24
875,Janet,Yegoshin,jyegoshinoa@hp.com,Female,1984-10-23
876,Mireille,Caplis,mcaplisob@naver.com,Female,1993-06-02
877,Thomasine,Mearing,tmearingoc@wikispaces.com,Female,1981-01-13
878,Sonnie,Arenson,sarensonod@dyndns.org,Male,1996-05-26
879,Heath,Spaxman,hspaxmanoe@edublogs.org,Female,1985-03-19
880,Joella,Cleobury,jcleoburyof@ihg.com,Genderqueer,1993-06-02
881,Clim,Collinwood,ccollinwoodog@cargocollective.com,Male,1987-01-24
882,Carmine,McQuarrie,cmcquarrieoh@wix.com,Female,1989-06-10
883,Devondra,Dowle,ddowleoi@addthis.com,Female,1990-09-26
884,Giffy,Allinson,gallinsonoj@posterous.com,Male,1999-03-13
885,Kort,Losebie,klosebieok@foxnews.com,Male,1981-07-02
886,Archer,Huff,ahuffol@ox.ac.uk,Male,1990-07-04
887,Rowan,Mount,rmountom@nasa.gov,Bigender,1981-03-25
888,Giustino,Peart,gpearton@cpanel.net,Agender,1986-01-30
889,Geri,Luxon,gluxonoo@msn.com,Male,1986-03-10
890,Jacques,Bridywater,jbridywaterop@livejournal.com,Male,1994-07-01
891,Nelle,Ibanez,nibanezoq@amazon.co.jp,Female,1988-02-23
892,Merry,Brosch,mbroschor@goo.gl,Male,1989-09-27
893,Carley,Ride,crideos@engadget.com,Female,1995-08-28
894,Patton,Simmonds,psimmondsot@nih.gov,Male,1994-09-04
895,Alethea,Dack,adackou@yellowpages.com,Female,1999-04-19
896,Agatha,Starsmeare,astarsmeareov@harvard.edu,Female,1983-03-07
897,Lorens,Orford,lorfordow@wordpress.com,Polygender,1990-02-10
898,Gaven,Pagelsen,gpagelsenox@delicious.com,Male,1981-04-20
899,Corey,Wiltshier,cwiltshieroy@odnoklassniki.ru,Female,1990-10-19
900,Pavla,Lundberg,plundbergoz@xinhuanet.com,Female,1994-06-17
901,Pauli,O'Hartagan,pohartaganp0@washingtonpost.com,Female,1997-04-01
902,Addy,Lakenton,alakentonp1@thetimes.co.uk,Male,1989-12-20
903,Griswold,Mossop,gmossopp2@blogger.com,Male,1997-01-30
904,Silas,Headan,sheadanp3@hp.com,Male,1988-08-21
905,Ari,Lammert,alammertp4@house.gov,Male,1983-03-09
906,Annmaria,Penbarthy,apenbarthyp5@cargocollective.com,Female,1983-05-06
907,Dulcia,Saffell,dsaffellp6@sbwire.com,Agender,1981-12-09
908,Greggory,Gosker,ggoskerp7@arstechnica.com,Male,1990-10-30
909,Bevvy,Tume,btumep8@pcworld.com,Female,1985-07-20
910,Onfre,Vsanelli,ovsanellip9@merriam-webster.com,Male,1986-02-09
911,Schuyler,Bibey,sbibeypa@mozilla.org,Male,1993-01-14
912,Morgan,Thewlis,mthewlispb@lycos.com,Bigender,1993-03-19
913,Nanni,Hindrich,nhindrichpc@cbc.ca,Genderfluid,1995-09-26
914,Maxie,Eakins,meakinspd@nymag.com,Female,1989-11-04
915,Adrianna,Monahan,amonahanpe@foxnews.com,Non-binary,1994-04-17
916,Terence,MacSwayde,tmacswaydepf@free.fr,Male,1982-01-09
917,Byrle,Brauninger,bbrauningerpg@networkadvertising.org,Male,1993-08-01
918,Hazlett,Buckthorp,hbuckthorpph@nifty.com,Male,1997-03-17
919,Saloma,Dreher,sdreherpi@dailymail.co.uk,Polygender,1986-02-10
920,Merla,Baggett,mbaggettpj@go.com,Non-binary,1993-01-18
921,Timotheus,Minchenton,tminchentonpk@weather.com,Male,1981-07-15
922,Bink,Jerrams,bjerramspl@sogou.com,Male,1985-11-15
923,Melisa,Kytter,mkytterpm@facebook.com,Female,1994-04-09
924,Ashlin,Fundell,afundellpn@dion.ne.jp,Male,1980-07-18
925,Aleda,Blind,ablindpo@parallels.com,Female,1994-01-11
926,Eva,Maunton,emauntonpp@blogtalkradio.com,Non-binary,1983-06-06
927,Georges,Garmanson,ggarmansonpq@digg.com,Male,1983-12-29
928,Iseabal,Macbeth,imacbethpr@prlog.org,Female,1994-10-26
929,Steffane,Brouncker,sbrounckerps@google.cn,Female,1984-12-05
930,Phip,Meert,pmeertpt@zdnet.com,Male,1989-08-13
931,Darb,Charpling,dcharplingpu@jalbum.net,Male,1996-09-28
932,Tabby,Flewan,tflewanpv@google.nl,Genderfluid,1982-05-05
933,Der,Tomblin,dtomblinpw@springer.com,Male,1987-02-22
934,Bendicty,Togwell,btogwellpx@plala.or.jp,Male,1988-09-01
935,Jo ann,Cuddon,jcuddonpy@wisc.edu,Female,1995-08-24
936,Graig,Rosier,grosierpz@booking.com,Male,1994-10-24
937,Julianne,Verlinden,jverlindenq0@army.mil,Female,1997-07-25
938,Natty,Pinnigar,npinnigarq1@furl.net,Male,1981-01-12
939,Lyn,Thys,lthysq2@fc2.com,Male,1995-10-27
940,Edie,Thormwell,ethormwellq3@networksolutions.com,Female,1995-04-18
941,Koressa,MacCurtain,kmaccurtainq4@mysql.com,Female,1988-08-16
942,Odie,O'Dwyer,oodwyerq5@tiny.cc,Male,1999-11-28
943,Bax,Gosden,bgosdenq6@fc2.com,Male,1993-06-17
944,Barbie,Ennor,bennorq7@miitbeian.gov.cn,Genderfluid,1991-11-23
945,Karl,Trevaskiss,ktrevaskissq8@google.cn,Male,1981-10-17
946,Giacomo,Maliphant,gmaliphantq9@wp.com,Male,1988-08-12
947,Kellyann,Stolli,kstolliqa@elpais.com,Female,1992-09-19
948,Brande,Beston,bbestonqb@quantcast.com,Female,1999-07-17
949,Ade,Gottschalk,agottschalkqc@sphinn.com,Male,1993-05-08
950,Gipsy,Stocks,gstocksqd@weebly.com,Female,1999-07-13
951,Darci,Farnaby,dfarnabyqe@devhub.com,Genderfluid,1991-10-20
952,Robbie,Regus,rregusqf@hc360.com,Female,1987-02-27
953,Tommie,Dolder,tdolderqg@ehow.com,Genderfluid,1983-08-20
954,Olive,Garraway,ogarrawayqh@sitemeter.com,Female,1980-05-05
955,Barbaraanne,Durran,bdurranqi@dell.com,Female,1983-06-03
956,Huntley,Dives,hdivesqj@a8.net,Agender,1999-10-11
957,Mattheus,Sells,msellsqk@newyorker.com,Male,1988-01-09
958,Rebecka,Ciciotti,rciciottiql@jigsy.com,Female,1997-07-10
959,Lola,Lamlin,llamlinqm@webnode.com,Female,1996-01-13
960,Tarrance,Febvre,tfebvreqn@yahoo.com,Male,1993-04-24
961,Bronnie,Mc Meekan,bmcmeekanqo@howstuffworks.com,Male,1989-06-11
962,Sean,Crosthwaite,scrosthwaiteqp@typepad.com,Male,1987-01-11
963,Cristine,Fiorentino,cfiorentinoqq@blog.com,Female,1999-01-19
964,Brien,Brummitt,bbrummittqr@omniture.com,Male,1987-01-05
965,Irma,Worsley,iworsleyqs@people.com.cn,Female,1992-11-19
966,Else,Vogele,evogeleqt@nifty.com,Non-binary,1993-05-05
967,Alexandr,Cottel,acottelqu@who.int,Male,1986-01-23
968,Agretha,Vedenisov,avedenisovqv@spotify.com,Female,1994-01-01
969,Alisander,Whitehair,awhitehairqw@seattletimes.com,Male,1984-08-18
970,Lucilia,Pavlata,lpavlataqx@state.tx.us,Female,1989-02-13
971,Valentin,Vidloc,vvidlocqy@dion.ne.jp,Male,1991-09-10
972,Cecilio,O'Neill,coneillqz@flickr.com,Male,1993-04-27
973,Dianemarie,Mulmuray,dmulmurayr0@about.me,Female,1982-09-11
974,Kara,Ions,kionsr1@soup.io,Female,1980-09-20
975,Pearla,Pyser,ppyserr2@devhub.com,Female,1998-02-09
976,Gerhardine,Janney,gjanneyr3@phoca.cz,Female,1980-01-07
977,Nickey,Gori,ngorir4@purevolume.com,Male,1981-05-29
978,Jermayne,Douberday,jdouberdayr5@fastcompany.com,Male,1982-04-21
979,Priscella,Rooney,prooneyr6@dot.gov,Female,1987-12-29
980,Donnajean,Pechard,dpechardr7@vimeo.com,Female,1994-11-30
981,Slade,Kemmett,skemmettr8@360.cn,Bigender,1989-09-05
982,Simona,Kaasman,skaasmanr9@whitehouse.gov,Female,1997-12-16
983,Christy,Brislan,cbrislanra@microsoft.com,Genderqueer,1982-02-24
984,Roxine,Birkenshaw,rbirkenshawrb@hao123.com,Female,1987-06-01
985,Kandy,Brimfield,kbrimfieldrc@livejournal.com,Female,1990-04-01
986,Chan,Soltan,csoltanrd@nytimes.com,Male,1993-06-24
987,Sally,Gerritzen,sgerritzenre@usgs.gov,Female,1989-05-08
988,Howey,Baysting,hbaystingrf@wordpress.org,Male,1997-08-14
989,Rutledge,Casetta,rcasettarg@histats.com,Male,1996-02-21
990,Zora,Elsmore,zelsmorerh@cpanel.net,Genderqueer,1991-04-07
991,Gypsy,Mowle,gmowleri@1und1.de,Female,1982-08-21
992,Shelley,Warrack,swarrackrj@google.fr,Male,1987-08-01
993,Clarke,Skaid,cskaidrk@i2i.jp,Male,1990-04-05
994,Tessie,Peare,tpearerl@blogs.com,Female,1997-05-09
995,Cortie,Pullar,cpullarrm@tamu.edu,Male,1993-06-27
996,Lauren,Dondon,ldondonrn@chronoengine.com,Male,1996-05-27
997,Manda,Guion,mguionro@prlog.org,Female,1985-11-04
998,Winnie,Dewbury,wdewburyrp@rambler.ru,Male,1992-11-25
999,Sada,MacConneely,smacconneelyrq@soup.io,Female,1982-01-10
1000,Marisa,Lothean,mlotheanrr@vimeo.com,Female,1990-04-01
